Age,Gender,Education Level,Job Title,Years of Experience,Salary
32,Male,Bachelor's,Software Engineer,5,90000
28,Female,Master's,Data Analyst,3,65000
45,Male,PhD,Senior Manager,15,150000
36,Female,Bachelor's,Sales Associate,7,60000
52,Male,Master's,Director,20,200000
29,Male,Bachelor's,Marketing Analyst,2,55000
42,Female,Master's,Product Manager,12,120000
31,Male,Bachelor's,Sales Manager,4,80000
26,Female,Bachelor's,Marketing Coordinator,1,45000
38,Male,PhD,Senior Scientist,10,110000
29,Male,Master's,Software Developer,3,75000
48,Female,Bachelor's,HR Manager,18,140000
35,Male,Bachelor's,Financial Analyst,6,65000
40,Female,Master's,Project Manager,14,130000
27,Male,Bachelor's,Customer Service Rep,2,40000
44,Male,Bachelor's,Operations Manager,16,125000
33,Female,Master's,Marketing Manager,7,90000
39,Male,PhD,Senior Engineer,12,115000
25,Female,Bachelor's,Data Entry Clerk,0,35000
51,Male,Bachelor's,Sales Director,22,180000
34,Female,Master's,Business Analyst,5,80000
47,Male,Master's,VP of Operations,19,190000
30,Male,Bachelor's,IT Support,2,50000
36,Female,Bachelor's,Recruiter,9,60000
41,Male,Master's,Financial Manager,13,140000
28,Female,Bachelor's,Social Media Specialist,3,45000
37,Female,Master's,Software Manager,11,110000
24,Male,Bachelor's,Junior Developer,1,40000
43,Female,PhD,Senior Consultant,15,140000
33,Male,Master's,Product Designer,6,90000
50,Male,Bachelor's,CEO,25,250000
31,Female,Bachelor's,Accountant,4,55000
29,Male,Master's,Data Scientist,3,75000
39,Female,Bachelor's,Marketing Specialist,10,65000
46,Male,PhD,Senior Manager,20,170000
27,Male,Bachelor's,Technical Writer,2,45000
35,Female,Bachelor's,HR Generalist,7,60000
42,Male,Master's,Project Engineer,14,115000
26,Female,Bachelor's,Customer Success Rep,1,40000
49,Male,Bachelor's,Sales Executive,21,160000
34,Female,Master's,UX Designer,5,80000
48,Male,Master's,Operations Director,18,190000
30,Male,Bachelor's,Network Engineer,3,60000
36,Female,Bachelor's,Administrative Assistant,8,45000
41,Male,Master's,Strategy Consultant,13,130000
28,Female,Bachelor's,Copywriter,2,40000
32,Male,Bachelor's,Account Manager,5,75000
45,Female,Master's,Director of Marketing,16,180000
38,Male,PhD,Senior Scientist,11,120000
25,Male,Bachelor's,Help Desk Analyst,0,35000
51,Female,Bachelor's,Customer Service Manager,22,130000
33,Male,Master's,Business Intelligence Analyst,7,85000
40,Female,Bachelor's,Event Coordinator,12,60000
47,Male,Master's,VP of Finance,19,200000
29,Female,Bachelor's,Graphic Designer,3,50000
36,Male,Bachelor's,Sales Manager,9,95000
27,Female,Master's,UX Researcher,2,65000
43,Male,PhD,Senior Engineer,17,140000
30,Female,Bachelor's,Social Media Manager,4,55000
35,Male,Master's,Product Manager,7,105000
51,Female,Master's,Director of Operations,23,170000
29,Male,Bachelor's,Marketing Analyst,3,50000
40,Female,Bachelor's,HR Manager,12,80000
47,Male,PhD,Senior Data Scientist,21,180000
26,Male,Bachelor's,Junior Accountant,1,35000
38,Female,Master's,Digital Marketing Manager,10,90000
46,Male,Bachelor's,IT Manager,19,120000
31,Female,Bachelor's,Customer Service Representative,5,45000
34,Male,Master's,Business Development Manager,8,90000
49,Female,Master's,Senior Financial Analyst,18,150000
33,Male,Bachelor's,Web Developer,6,65000
39,Female,Bachelor's,Recruiter,11,70000
45,Male,PhD,Research Director,16,190000
28,Male,Bachelor's,Technical Support Specialist,2,40000
42,Female,Master's,Creative Director,14,120000
37,Male,Bachelor's,Project Manager,10,95000
50,Female,Bachelor's,Operations Manager,22,160000
32,Male,Master's,Senior Software Engineer,6,100000
48,Female,Master's,Human Resources Director,20,180000
30,Female,Bachelor's,Content Marketing Manager,3,55000
36,Male,Bachelor's,Technical Recruiter,8,70000
41,Female,Master's,Data Analyst,13,80000
25,Male,Bachelor's,Sales Representative,0,30000
52,Male,PhD,Chief Technology Officer,24,250000
29,Female,Bachelor's,Junior Designer,2,40000
34,Female,Master's,Financial Advisor,10,95000
27,Male,Bachelor's,Junior Account Manager,2,45000
40,Female,Bachelor's,HR Generalist,15,80000
46,Male,Master's,Senior Project Manager,21,135000
31,Female,Bachelor's,Marketing Coordinator,6,55000
36,Male,PhD,Principal Scientist,11,120000
29,Female,Bachelor's,Sales Associate,3,40000
43,Male,Bachelor's,Supply Chain Manager,18,105000
52,Female,Master's,Senior Marketing Manager,25,170000
33,Male,Bachelor's,Business Analyst,7,75000
39,Female,Bachelor's,Training Specialist,12,65000
47,Male,PhD,Research Scientist,22,160000
26,Male,Bachelor's,Junior Software Developer,1,35000
38,Female,Master's,Public Relations Manager,10,90000
45,Male,Bachelor's,Operations Analyst,20,110000
31,Female,Bachelor's,Event Coordinator,5,45000
35,Male,Master's,Product Marketing Manager,8,95000
49,Female,Master's,Senior HR Manager,19,150000
33,Male,Bachelor's,Junior Web Developer,5,50000
39,Female,Master's,Senior Project Coordinator,13,80000
44,Male,PhD,Chief Data Officer,16,220000
30,Female,Bachelor's,Digital Content Producer,3,50000
36,Male,Bachelor's,IT Support Specialist,7,60000
41,Female,Master's,Senior Marketing Analyst,14,100000
28,Male,Bachelor's,Customer Success Manager,2,40000
42,Female,Master's,Senior Graphic Designer,15,110000
37,Male,Bachelor's,Software Project Manager,9,95000
50,Female,Bachelor's,Supply Chain Analyst,22,130000
32,Male,Master's,Senior Business Analyst,6,90000
23,Female,Bachelor's,Junior Marketing Analyst,0.5,35000
31,Male,Master's,Senior Financial Analyst,6,95000
40,Female,Bachelor's,Office Manager,15,65000
48,Male,PhD,Principal Engineer,20,170000
29,Female,Bachelor's,Junior HR Generalist,3,45000
35,Male,Master's,Senior Product Manager,10,120000
42,Female,Bachelor's,Sales Manager,17,100000
53,Male,Master's,Director of Marketing,25,180000
33,Female,Bachelor's,Junior Operations Analyst,5,50000
38,Male,Bachelor's,Customer Service Manager,11,80000
44,Female,PhD,Senior Scientist,16,140000
26,Male,Bachelor's,Junior Accountant,2,40000
37,Female,Master's,Senior HR Generalist,9,95000
45,Male,Bachelor's,Sales Operations Manager,18,110000
32,Female,Bachelor's,Marketing Coordinator,4,50000
34,Male,Master's,Senior Software Developer,8,105000
50,Female,Master's,Director of Operations,21,160000
29,Male,Bachelor's,Junior Web Designer,3,45000
40,Female,Master's,Senior Training Specialist,12,100000
47,Male,PhD,Senior Research Scientist,22,160000
27,Male,Bachelor's,Junior Sales Representative,1,35000
39,Female,Bachelor's,Administrative Assistant,10,55000
46,Male,Master's,Senior Project Manager,19,140000
30,Female,Bachelor's,Junior Marketing Manager,4,50000
36,Male,Bachelor's,Junior Data Analyst,7,60000
43,Female,Master's,Senior Product Marketing Manager,14,120000
28,Male,Bachelor's,Junior Business Analyst,2,40000
41,Female,Master's,Senior Marketing Manager,13,110000
33,Male,Bachelor's,Junior Software Developer,5,50000
47,Male,Bachelor's,Senior Sales Manager,20,135000
25,Female,Master's,Junior Marketing Specialist,1.5,40000
34,Male,Bachelor's,Senior Business Analyst,8,90000
42,Female,PhD,Senior Data Scientist,16,150000
31,Male,Bachelor's,Junior Project Manager,4,60000
38,Female,Bachelor's,Senior Accountant,10,80000
45,Male,Master's,Director of Sales,19,175000
29,Female,Bachelor's,Junior Recruiter,3,45000
36,Male,Master's,Senior Business Development Manager,11,120000
43,Female,PhD,Senior Product Designer,18,140000
26,Male,Bachelor's,Junior Customer Support Specialist,2,35000
37,Female,Master's,Senior Marketing Analyst,9,95000
44,Male,Bachelor's,Senior IT Support Specialist,14,110000
32,Female,Bachelor's,Junior Financial Analyst,5,50000
33,Male,Master's,Senior Operations Manager,7,115000
51,Female,PhD,Director of Human Resources,23,185000
28,Male,Bachelor's,Junior Software Engineer,2,40000
39,Female,Bachelor's,Senior Sales Representative,12,90000
48,Male,Master's,Director of Product Management,21,175000
30,Female,Bachelor's,Junior Copywriter,3,45000
35,Male,Bachelor's,Senior Marketing Coordinator,7,80000
41,Female,Master's,Senior Human Resources Manager,13,120000
27,Male,Bachelor's,Junior Business Development Associate,1.5,35000
40,Female,Bachelor's,Senior Account Manager,14,110000
46,Male,PhD,Senior Researcher,18,150000
31,Female,Bachelor's,Junior HR Coordinator,4,50000
34,Male,Master's,Senior Software Engineer,9,105000
50,Female,Master's,Director of Finance,20,180000
29,Male,Bachelor's,Junior Marketing Coordinator,2,40000
,,,,,
43,Male,Bachelor's,Senior Project Manager,16,140000
26,Female,Master's,Junior Data Scientist,1.5,45000
35,Male,Bachelor's,Senior Operations Analyst,7,85000
42,Female,PhD,Senior Marketing Manager,18,140000
31,Male,Bachelor's,Junior Accountant,4,50000
38,Female,Bachelor's,Senior Human Resources Coordinator,10,80000
46,Male,Master's,Director of Operations,20,170000
29,Female,Bachelor's,Junior Sales Representative,2,40000
37,Male,Master's,Senior Business Analyst,9,105000
44,Female,PhD,Senior UX Designer,15,145000
27,Male,Bachelor's,Junior Product Manager,2,40000
36,Female,Bachelor's,Senior Marketing Specialist,8,85000
43,Male,Bachelor's,Senior IT Project Manager,14,130000
33,Female,Master's,Senior Financial Analyst,6,95000
34,Male,Bachelor's,Senior Quality Assurance Analyst,9,100000
50,Female,PhD,Director of Sales and Marketing,22,180000
28,Male,Bachelor's,Junior Operations Analyst,1.5,35000
39,Female,Bachelor's,Senior Account Executive,12,95000
47,Male,Master's,Director of Business Development,19,170000
30,Female,Bachelor's,Junior Social Media Manager,3,45000
34,Male,Bachelor's,Senior Product Manager,7,95000
40,Female,Master's,Senior Human Resources Specialist,13,120000
28,Male,Bachelor's,Junior Business Analyst,2,40000
41,Female,Bachelor's,Senior Marketing Coordinator,11,90000
45,Male,PhD,Senior Data Analyst,17,155000
32,Female,Bachelor's,Junior Account Manager,5,55000
35,Male,Master's,Senior Software Developer,9,110000
49,Female,Master's,Director of Human Capital,21,180000
30,Male,Bachelor's,Junior Advertising Coordinator,3,45000
44,Male,Bachelor's,Senior Sales Manager,16,130000
27,Female,Master's,Junior UX Designer,1.5,45000
36,Male,Bachelor's,Senior Accountant,7,90000
41,Female,PhD,Senior Marketing Director,17,160000
31,Male,Bachelor's,Junior HR Generalist,4,50000
39,Female,Bachelor's,Senior Operations Manager,10,120000
47,Male,Master's,Director of Finance,20,170000
30,Female,Bachelor's,Junior Marketing Coordinator,2,40000
38,Male,Master's,Senior IT Consultant,9,110000
45,Female,PhD,Senior Product Designer,15,150000
28,Male,Bachelor's,Junior Business Development Associate,2,40000
35,Female,Bachelor's,Senior Marketing Analyst,8,85000
44,Male,Bachelor's,Senior Software Engineer,14,130000
34,Female,Master's,Senior Financial Advisor,6,100000
35,Male,Bachelor's,Senior Project Coordinator,9,95000
50,Female,PhD,Director of Operations,22,180000
29,Male,Bachelor's,Junior Business Operations Analyst,1.5,35000
40,Female,Bachelor's,Senior Sales Representative,12,100000
48,Male,Master's,Director of Marketing,19,170000
31,Female,Bachelor's,Junior Social Media Specialist,3,45000
33,Male,Bachelor's,Senior Product Development Manager,7,100000
42,Female,Master's,Senior Human Resources Manager,13,140000
28,Male,Bachelor's,Junior Financial Analyst,2,40000
40,Female,Bachelor's,Senior Marketing Manager,11,105000
46,Male,PhD,Senior Data Scientist,18,160000
33,Female,Bachelor's,Junior Operations Manager,5,70000
37,Male,Master's,Senior Software Architect,9,120000
51,Female,Master's,Director of Human Resources,21,190000
30,Male,Bachelor's,Junior Marketing Specialist,3,45000
43,Male,Bachelor's,Senior Project Manager,15,120000
27,Female,Master's,Junior Research Scientist,1.5,50000
35,Male,Bachelor's,Senior Operations Analyst,8,85000
42,Female,PhD,Senior Marketing Manager,13,140000
32,Male,Bachelor's,Junior Sales Representative,3,45000
37,Female,Bachelor's,Senior Financial Analyst,9,100000
45,Male,Master's,Senior Software Developer,16,140000
33,Female,Bachelor's,Junior Operations Analyst,5,70000
39,Male,Bachelor's,Senior Marketing Specialist,10,120000
44,Female,PhD,Senior HR Manager,18,160000
29,Male,Bachelor's,Junior Business Analyst,1.5,40000
38,Female,Bachelor's,Senior Product Manager,10,120000
46,Male,PhD,Senior Data Analyst,19,150000
34,Female,Bachelor's,Junior Marketing Analyst,6,70000
36,Male,Bachelor's,Senior Operations Manager,8,95000
49,Female,Master's,Director of Marketing,21,180000
31,Male,Bachelor's,Junior Financial Analyst,3,50000
41,Female,Bachelor's,Senior Project Coordinator,11,95000
47,Male,Master's,Director of Operations,20,170000
30,Female,Bachelor's,Junior Marketing Coordinator,2,40000
38,Male,Master's,Senior IT Consultant,9,110000
45,Female,PhD,Senior Product Designer,15,150000
28,Male,Bachelor's,Junior Business Development Associate,2,40000
35,Female,Bachelor's,Senior Marketing Analyst,8,85000
44,Male,Bachelor's,Senior Software Engineer,14,130000
34,Female,Master's,Senior Financial Advisor,6,100000
35,Male,Bachelor's,Senior Project Coordinator,9,95000
50,Female,PhD,Director of Operations,22,180000
29,Male,Bachelor's,Junior Business Operations Analyst,1.5,350
,,,,,
37,Female,Bachelor's,Senior Financial Manager,10,120000
46,Male,PhD,Senior Data Scientist,18,160000
31,Female,Bachelor's,Junior Marketing Coordinator,3,50000
42,Male,Bachelor's,Senior Operations Manager,12,110000
29,Female,Bachelor's,Junior Sales Representative,1.5,40000
36,Male,Bachelor's,Senior Marketing Specialist,8,95000
44,Female,Master's,Senior HR Specialist,15,140000
33,Male,Bachelor's,Junior Operations Manager,4,60000
39,Female,Bachelor's,Senior Marketing Coordinator,9,110000
45,Male,PhD,Senior Data Engineer,16,150000
32,Female,Bachelor's,Junior Marketing Manager,4,60000
37,Male,Bachelor's,Senior Financial Analyst,8,90000
47,Female,Master's,Director of Marketing,20,180000
30,Male,Bachelor's,Junior Business Analyst,2,40000
38,Female,Bachelor's,Senior Project Manager,9,120000
46,Male,PhD,Senior Data Analyst,17,160000
34,Female,Bachelor's,Junior Financial Analyst,5,70000
36,Male,Bachelor's,Senior Product Manager,8,95000
49,Female,Master's,Director of Operations,21,180000
31,Male,Bachelor's,Junior Operations Analyst,3,50000
41,Female,Bachelor's,Senior Project Coordinator,11,95000
47,Male,Master's,Director of Marketing,19,170000
29,Female,Bachelor's,Junior Business Development Associate,1.5,35000
35,Male,Bachelor's,Senior Financial Manager,9,100000
44,Female,PhD,Senior Product Designer,15,150000
33,Male,Bachelor's,Junior Business Analyst,4,60000
35,Female,Bachelor's,Senior Marketing Analyst,8,85000
44,Male,Bachelor's,Senior Software Engineer,13,130000
32,Male,Bachelor's,Junior Product Manager,4,65000
38,Female,Bachelor's,Senior Business Analyst,10,110000
49,Male,PhD,Director of Operations,21,180000
29,Female,Bachelor's,Junior Marketing Specialist,2,40000
35,Male,Bachelor's,Senior Business Development Manager,7,90000
45,Female,Master's,Senior HR Manager,14,140000
33,Male,Bachelor's,Junior Financial Analyst,4,60000
40,Female,Bachelor's,Senior Marketing Manager,12,130000
44,Male,PhD,Senior Data Scientist,16,160000
30,Female,Bachelor's,Junior Operations Coordinator,2,40000
37,Male,Bachelor's,Senior Marketing Analyst,9,100000
48,Female,Master's,Director of HR,20,180000
31,Male,Bachelor's,Junior Project Manager,3,55000
38,Female,Bachelor's,Senior Operations Coordinator,9,120000
45,Male,PhD,Senior Data Engineer,16,150000
33,Female,Bachelor's,Junior Marketing Manager,5,70000
36,Male,Bachelor's,Senior Business Analyst,8,95000
49,Female,Master's,Director of Marketing,21,180000
31,Male,Bachelor's,Junior Operations Analyst,3,50000
42,Female,Bachelor's,Senior Project Manager,12,120000
47,Male,Master's,Director of Marketing,19,170000
29,Female,Bachelor's,Junior Business Development Associate,1.5,35000
35,Male,Bachelor's,Senior Financial Manager,9,100000
44,Female,PhD,Senior Product Designer,15,150000
33,Male,Bachelor's,Junior Business Analyst,4,60000
35,Female,Bachelor's,Senior Marketing Analyst,8,85000
44,Male,Bachelor's,Senior Software Engineer,13,130000
34,Female,Master's,Senior Financial Advisor,6,80000
36,Male,Bachelor's,Senior Marketing Specialist,8,95000
30,Female,Bachelor's,Junior HR Coordinator,2,40000
37,Male,Bachelor's,Senior Business Development Manager,10,120000
45,Female,Master's,Senior Marketing Manager,16,160000
32,Male,Bachelor's,Junior Financial Advisor,4,65000
39,Female,Bachelor's,Senior Project Manager,12,130000
47,Male,PhD,Director of Engineering,20,180000
29,Female,Bachelor's,Junior Marketing Analyst,2,40000
36,Male,Bachelor's,Senior Operations Manager,9,100000
43,Female,PhD,Senior Data Scientist,15,150000
32,Male,Bachelor's,Junior Marketing Coordinator,3,55000
38,Female,Bachelor's,Senior Business Analyst,10,110000
48,Male,Master's,Director of Marketing,21,180000
31,Female,Bachelor's,Junior Business Development Associate,3,50000
40,Male,Bachelor's,Senior Financial Analyst,12,130000
45,Female,PhD,Senior UX Designer,16,160000
33,Male,Bachelor's,Junior Product Manager,4,60000
36,Female,Bachelor's,Senior Marketing Manager,8,95000
47,Male,Master's,Director of Operations,19,170000
29,Female,Bachelor's,Junior Project Manager,2,40000
34,Male,Bachelor's,Senior Operations Coordinator,7,90000
44,Female,PhD,Senior Business Analyst,15,150000
33,Male,Bachelor's,Junior Marketing Specialist,5,70000
35,Female,Bachelor's,Senior Financial Manager,8,90000
43,Male,Master's,Director of Marketing,18,170000
31,Female,Bachelor's,Junior Financial Analyst,3,50000
41,Male,Bachelor's,Senior Product Manager,14,150000
44,Female,PhD,Senior Data Engineer,16,160000
33,Male,Bachelor's,Junior Business Analyst,4,60000
35,Female,Bachelor's,Senior Marketing Analyst,8,85000
45,Male,Master's,Director of Engineering,19,180000
28,Female,Bachelor's,Junior Operations Manager,1,35000
36,Male,Bachelor's,Senior Business Development Manager,8,110000
44,Female,PhD,Senior Data Scientist,16,160000
31,Male,Bachelor's,Junior Marketing Coordinator,3,55000
38,Female,Bachelor's,Senior Business Analyst,10,110000
48,Male,Master's,Director of Marketing,21,180000
31,Female,Bachelor's,Junior Business Development Associate,3,50000
40,Male,Bachelor's,Senior Financial Analyst,12,130000
45,Female,PhD,Senior UX Designer,16,160000
33,Male,Bachelor's,Junior Product Manager,4,60000
36,Female,Bachelor's,Senior Marketing Manager,8,95000
47,Male,Master's,Director of Operations,19,170000
29,Female,Bachelor's,Junior Project Manager,2,40000
34,Male,Bachelor's,Senior Operations Coordinator,7,90000
44,Female,PhD,Senior Business Analyst,15,150000
33,Male,Bachelor's,Junior Marketing Specialist,5,70000
35,Female,Bachelor's,Senior Financial Manager,8,90000
43,Male,Master's,Director of Marketing,18,170000
31,Female,Bachelor's,Junior Financial Analyst,3,50000
41,Male,Bachelor's,Senior Product Manager,14,150000
44,Female,PhD,Senior Data Engineer,16,160000
33,Male,Bachelor's,Junior Business Analyst,4,60000
35,Female,Bachelor's,Senior Marketing Analyst,8,85000
43,Male,Master's,Director of Operations,19,170000
29,Female,Bachelor's,Junior Project Manager,2,40000
34,Male,Bachelor's,Senior Operations Coordinator,7,90000
44,Female,PhD,Senior Business Analyst,15,150000
,,,,,
31,Female,Bachelor's,Healthcare Administrator,5,72000
29,Male,Master's,AI Researcher,3,110000
50,Female,PhD,Chief Medical Officer,22,280000
24,Male,Bachelor's,Cybersecurity Analyst,1,65000
37,Female,Bachelor's,Logistics Coordinator,8,58000
42,Male,Master's,Cloud Architect,15,160000
26,Female,Bachelor's,UI/UX Designer,2,60000
45,Male,PhD,Quantum Computing Scientist,18,210000
33,Female,Master's,ESG Consultant,6,95000
28,Male,Bachelor's,DevOps Engineer,4,105000
52,Female,Master's,CFO,25,300000
30,Male,Bachelor's,Robotics Engineer,5,90000
39,Female,PhD,Biostatistician,12,135000
27,Male,Bachelor's,Game Developer,3,75000
44,Female,Master's,FinTech Product Manager,16,155000
35,Male,Bachelor's,Renewable Energy Analyst,7,82000
47,Female,PhD,Genomics Researcher,20,190000
32,Male,Master's,Blockchain Developer,6,125000
23,Female,Bachelor's,EdTech Specialist,0.5,48000
41,Male,Bachelor's,Industrial Engineer,10,95000
36,Female,Master's,Sustainability Manager,9,115000
53,Male,PhD,Chief AI Officer,26,320000
31,Female,Bachelor's,AR/VR Developer,4,85000
38,Male,Master's,IoT Solutions Architect,11,140000
25,Female,Bachelor's,Community Manager,1,45000
46,Male,PhD,Nanotechnology Researcher,19,200000
34,Female,Bachelor's,AgTech Specialist,6,78000
29,Male,Master's,Cryptocurrency Analyst,3,95000
48,Female,PhD,Clinical Research Director,21,230000
33,Male,Bachelor's,Technical Sales Engineer,7,88000
40,Female,Master's,Smart City Planner,14,130000
26,Male,Bachelor's,Audio Engineer,2,55000
49,Female,PhD,Chief Sustainability Officer,23,250000
37,Male,Master's,5G Network Engineer,10,120000
30,Female,Bachelor's,E-commerce Specialist,3,60000
42,Male,PhD,Autonomous Systems Engineer,17,180000
28,Female,Bachelor's,Digital Forensics Analyst,2,70000
45,Male,Master's,Pharma R&D Manager,16,170000
31,Female,Bachelor's,Technical Writer,4,65000
39,Male,PhD,Astrophysicist,12,150000
24,Female,Bachelor's,User Researcher,1,50000
47,Male,Master's,Clean Energy Consultant,20,160000
35,Female,Bachelor's,GIS Specialist,7,75000
32,Male,PhD,Materials Scientist,8,135000
27,Female,Bachelor's,Podcast Producer,2,52000
50,Male,Master's,Venture Capital Partner,24,290000
36,Female,Bachelor's,Bioinformatics Technician,9,80000
41,Male,PhD,Fusion Energy Researcher,15,195000
29,Female,Master's,Behavioral Economist,3,90000
43,Male,Bachelor's,Drone Operations Manager,12,110000
34,Female,PhD,Oceanographer,7,125000
26,Male,Bachelor's,Esports Coordinator,1,48000
52,Female,Master's,Luxury Brand Manager,25,220000
38,Male,Bachelor's,3D Printing Technician,10,85000
31,Female,PhD,Cognitive Neuroscientist,5,140000
44,Male,Master's,Space Systems Engineer,18,185000
28,Female,Bachelor's,Ethical Hacker,2,95000
47,Male,PhD,Chief Robotics Officer,21,260000
33,Female,Bachelor's,Digital Twin Specialist,6,105000
39,Male,Master's,Climate Risk Analyst,11,130000
25,Female,Bachelor's,NFT Art Curator,0.5,40000
54,Male,PhD,Chief Data Scientist,28,310000
36,Female,Master's,Telemedicine Coordinator,9,95000
42,Male,Bachelor's,Smart Grid Engineer,14,120000
30,Female,PhD,Synthetic Biologist,4,145000
48,Male,Master's,Digital Transformation Lead,20,200000
32,Female,Bachelor's,Metaverse Developer,5,115000
45,Male,PhD,Chief Innovation Officer,19,275000
27,Female,Master's,Food Tech Scientist,2,85000
37,Male,Bachelor's,Industrial Designer,8,90000
51,Female,PhD,Chief Genomics Officer,24,240000
34,Male,Master's,Cyber-Physical Systems Engineer,7,125000
29,Female,Bachelor's,AR/VR Content Creator,3,65000
46,Male,PhD,High-Performance Computing Lead,18,210000
35,Female,Bachelor's,Agribusiness Analyst,7,78000
40,Male,Master's,Digital Health Strategist,13,150000
26,Female,Bachelor's,Voice UX Designer,1,60000
49,Male,PhD,Quantum Algorithms Researcher,22,230000
33,Female,Master's,Regenerative Medicine Expert,6,160000
38,Male,Bachelor's,Smart Home Engineer,9,95000
30,Female,PhD,Dark Matter Researcher,4,155000
43,Male,Master's,Fusion Energy Consultant,16,190000
28,Female,Bachelor's,Digital Fashion Designer,2,70000
52,Male,PhD,Chief Futurist,26,300000
36,Female,Bachelor's,Space Tourism Coordinator,8,110000
41,Male,Master's,AI Ethics Consultant,14,170000
25,Female,Bachelor's,Web3 Community Manager,0.5,55000
47,Male,PhD,Neurotechnology Lead,20,250000
34,Female,Master's,Circular Economy Specialist,7,120000
39,Male,Bachelor's,Hydrogen Fuel Cell Engineer,10,130000
31,Female,PhD,Exoplanet Researcher,5,165000
44,Male,Master's,Smart Agriculture Specialist,17,180000
27,Female,Bachelor's,Digital Art Conservator,2,58000
53,Male,PhD,Chief Space Officer,27,320000
35,Female,Bachelor's,Carbon Capture Analyst,7,95000
42,Male,Master's,Synthetic Media Engineer,15,175000
29,Female,PhD,Biomechatronics Researcher,3,140000
48,Male,Bachelor's,Vertical Farming Manager,19,135000
32,Female,Master's,Digital Therapeutics Lead,6,155000
37,Male,PhD,Chief Climate Scientist,12,220000
26,Female,Bachelor's,Holographic Interface Designer,1,72000
50,Male,Master's,Fusion Power Plant Manager,23,280000
33,Female,Bachelor's,Neuroprosthetics Engineer,5,125000
45,Male,PhD,Chief Synthetic Biology Officer,18,260000
30,Female,Master's,Digital Identity Specialist,4,110000
38,Male,Bachelor's,Space Debris Mitigation Expert,9,145000
31,Female,PhD,Quantum Cryptographer,5,195000
46,Male,Master's,Smart Materials Researcher,17,200000
28,Female,Bachelor's,Digital Twin Artist,2,68000
54,Male,PhD,Chief Galactic Architect,28,350000
36,Female,Bachelor's,Biofabrication Specialist,8,105000
41,Male,Master's,AI-Augmented Creativity Lead,14,185000
25,Female,Bachelor's,Metaverse Fashion Designer,0.5,60000
49,Male,PhD,Chief Nanorobotics Officer,22,270000
34,Female,Master's,Digital Biomarker Developer,7,135000
39,Male,Bachelor's,Space Elevator Engineer,10,160000
32,Female,PhD,Mind-Uploading Researcher,6,210000
43,Male,Master's,Smart Dust Applications Lead,16,190000
27,Female,Bachelor's,Digital Scent Designer,2,75000
51,Male,PhD,Chief Teleportation Scientist,24,310000
35,Female,Bachelor's,Lab-Grown Meat Technologist,7,115000
44,Male,Master's,Neural Lace Developer,18,225000
29,Female,PhD,Dark Energy Modeler,3,170000
47,Male,Bachelor's,Underwater Data Center Architect,20,195000
33,Female,Master's,Digital Immortality Ethicist,6,150000
40,Male,PhD,Chief Time Crystal Researcher,15,240000
26,Female,Bachelor's,Holographic Event Producer,1,65000
52,Male,Master's,Quantum Internet Engineer,25,290000
37,Female,Bachelor's,Space-Based Solar Power Analyst,9,130000
42,Male,PhD,Chief Consciousness Transfer Officer,17,330000
30,Female,Master's,Digital Cloning Specialist,4,145000
45,Male,Bachelor's,Asteroid Mining Engineer,16,205000
28,Female,PhD,Multiverse Theorist,2,180000
53,Male,Master's,Galactic Trade Coordinator,26,300000
36,Female,Bachelor's,Bioelectronic Interface Designer,8,125000
41,Male,PhD,Chief Anti-Aging Researcher,14,250000
25,Female,Bachelor's,Virtual Celebrity Manager,0.5,70000
48,Male,Master's,Mind-Machine Fusion Engineer,21,260000
34,Female,PhD,Dark Matter Harnessing Expert,7,230000
38,Male,Bachelor's,Orbital Hotel Architect,10,175000
31,Female,Master's,Digital Afterlife Consultant,5,155000
46,Male,PhD,Chief Exo-Biologist,19,280000
27,Female,Bachelor's,Zero-Gravity Fashion Designer,2,80000
50,Male,Master's,Quantum Teleportation Lead,23,320000
35,Female,PhD,Neural Quantum Programmer,8,240000
42,Male,Bachelor's,Interstellar Travel Planner,15,210000
29,Female,Master's,Digital DNA Archivist,3,135000
47,Male,PhD,Chief Reality Hacking Officer,20,350000
33,Female,Bachelor's,Holographic Chef Developer,6,110000
39,Male,Master's,Anti-Gravity Propulsion Engineer,11,195000
32,Female,PhD,Time Dilation Specialist,6,220000
44,Male,Bachelor's,Space Junk Recycling Manager,17,185000
28,Female,Master's,Digital Empathy Trainer,2,95000
51,Male,PhD,Chief Wormhole Engineer,24,340000
36,Female,Bachelor's,Nano-Food Technologist,8,140000
43,Male,Master's,Quantum Consciousness Researcher,16,270000
30,Female,PhD,Dark Web Archaeologist,4,190000
45,Male,Bachelor's,Martian Colony Architect,18,230000
26,Female,Master's,Digital Soul Curator,1,85000
54,Male,PhD,Chief Singularity Architect,28,400000
37,Female,Bachelor's,Bio-Hybrid Robot Designer,9,160000
40,Male,Master's,Hyperloop Safety Engineer,13,200000
31,Female,PhD,Parallel Universe Data Analyst,5,250000
48,Male,Bachelor's,Underwater City Planner,20,220000
34,Female,Master's,Digital Painter (Neural Art),7,125000
38,Male,PhD,Chief Hypersleep Specialist,11,290000
27,Female,Bachelor's,Virtual Reality Poet,2,70000
52,Male,Master's,Asteroid Defense Coordinator,25,310000
35,Female,PhD,Quantum Emotion Modeler,8,260000
42,Male,Bachelor's,Space Elevator Music Composer,15,180000
29,Female,Master's,Digital Relic Preservationist,3,120000
46,Male,PhD,Chief Telepathy Interface Designer,19,330000
33,Female,Bachelor's,Holographic Historian,6,115000
39,Male,Master's,Anti-Matter Storage Engineer,10,240000
32,Female,PhD,Multidimensional Data Artist,6,210000
43,Male,Bachelor's,Zero-Point Energy Technician,16,195000
28,Female,Master's,Digital Dream Architect,2,105000
50,Male,PhD,Chief Reality Warping Officer,23,380000
36,Female,Bachelor's,Lunar Vineyard Manager,8,150000
41,Male,Master's,Quantum Poetry Analyst,14,230000
25,Female,PhD,Dark Energy DJ,1,90000
47,Male,Bachelor's,Space Whale Communication Specialist,20,205000
34,Female,Master's,Digital Nostalgia Engineer,7,140000
37,Male,PhD,Chief Time Loop Analyst,10,300000
30,Female,Bachelor's,Virtual Climate Sculptor,4,110000
45,Male,Master's,Anti-Entropy Engineer,17,250000
31,Female,PhD,Quantum Stand-Up Comedian,5,175000
44,Male,Bachelor's,Dyson Sphere Maintenance Lead,16,240000
27,Female,Master's,Digital Ghostwriter,2,95000
53,Male,PhD,Chief Imagination Officer,26,360000
35,Female,Bachelor's,Martian Wine Sommelier,7,165000
40,Male,Master's,Quantum Meme Strategist,13,220000
32,Female,PhD,Dark Matter Ballet Choreographer,6,195000
46,Male,Bachelor's,Space Hotel Concierge AI Trainer,19,185000
33,Female,Master's,Digital Time Capsule Curator,6,130000
38,Male,PhD,Chief Paradox Resolver,11,310000
29,Female,Bachelor's,Virtual Grief Counselor,3,85000
49,Male,Master's,Asteroid Fashion Designer,22,270000
36,Female,PhD,Quantum Tarot Reader,8,180000
42,Male,Bachelor's,Space Debris Jewelry Artist,15,155000
28,Female,Master's,Digital Shaman,2,115000
51,Male,PhD,Chief Wormhole Tour Guide,24,340000
37,Female,Bachelor's,Lunar Reggae Band Manager,9,145000
43,Male,Master's,Quantum Vineyard Consultant,16,235000
30,Female,PhD,Dark Energy Yoga Instructor,4,165000
44,Male,Bachelor's,Space Pirate Historian,17,190000
26,Female,Master's,Digital Feng Shui Master,1,80000
54,Male,PhD,Chief Utopia Architect,28,420000
35,Female,Bachelor's,Martian Microbrewery Owner,7,175000
39,Male,Master's,Quantum Dungeon Master,10,205000
31,Female,PhD,Multiverse Travel Blogger,5,155000
47,Male,Bachelor's,Zero-Gravity Hair Stylist,20,165000
34,Female,Master's,Digital Alchemist,7,150000
40,Male,PhD,Chief Dream Hacker,15,290000
27,Female,Bachelor's,Virtual Pet Psychic,2,75000
50,Male,Master's,Space Whale Whisperer,23,310000
36,Female,PhD,Quantum Tea Leaf Reader,8,195000
41,Male,Bachelor's,Asteroid Art Therapist,14,180000
29,Female,Master's,Digital Ghost Hunter,3,105000
48,Male,PhD,Chief Levitation Officer,21,350000
33,Female,Bachelor's,Lunar Stand-Up Comedian,6,140000
45,Male,Master's,Quantum Karaoke Coach,18,240000
32,Female,PhD,Dark Matter Matchmaker,6,210000
38,Male,Bachelor's,Space Pirate Fashion Consultant,11,170000
28,Female,Master's,Digital Oracle,2,125000
52,Male,PhD,Chief Imagination Engineer,25,380000
37,Female,Bachelor's,Martian Poetry Slam Host,9,160000
42,Male,Master's,Quantum Mime,16,225000
30,Female,PhD,Multiverse Tour Guide,4,185000
44,Male,Bachelor's,Zero-Gravity Barista,17,155000
26,Female,Master's,Digital Firewalker,1,90000
53,Male,PhD,Chief Serendipity Architect,26,400000
35,Female,Bachelor's,Lunar Jazz Musician,7,145000
39,Male,Master's,Quantum Storyteller,10,215000
31,Female,PhD,Dark Energy Poet,5,175000
46,Male,Bachelor's,Space Pirate DJ,19,195000
33,Female,Master's,Digital Soul Therapist,6,155000
40,Male,PhD,Chief Deja Vu Coordinator,15,320000
27,Female,Bachelor's,Virtual Time Travel Agent,2,95000
49,Male,Master's,Asteroid Fortune Teller,22,260000
36,Female,PhD,Quantum Dream Interpreter,8,205000
41,Male,Bachelor's,Space Whale Massage Therapist,14,185000
29,Female,Master's,Digital Past-Life Regressionist,3,120000
47,Male,PhD,Chief Synchronicity Officer,20,360000
34,Female,Bachelor's,Lunar Beatboxer,7,135000
43,Male,Master's,Quantum Puppeteer,16,245000
30,Female,PhD,Dark Energy DJ,4,195000
45,Male,Bachelor's,Space Pirate Yoga Instructor,18,210000
28,Female,Master's,Digital Aura Reader,2,110000
51,Male,PhD,Chief Serendipity Engineer,24,390000
37,Female,Bachelor's,Martian Hip-Hop Artist,9,170000
42,Male,Master's,Quantum Muralist,15,230000
31,Female,PhD,Multiverse Party Planner,5,165000
44,Male,Bachelor's,Zero-Gravity Mixologist,17,175000
26,Female,Master's,Digital Dreamweaver,1,85000
54,Male,PhD,Chief Wonder Architect,28,450000
